{"cameraMode":{"drawMode":0,"name":"Shaded","section":"Shading Mode"},"sceneLighting":false,"audioPlay":false,"sceneViewState":{"m_AlwaysRefresh":false,"showFog":true,"showSkybox":false,"showFlares":true,"showImageEffects":true,"showParticleSystems":true,"showVisualEffectGraphs":true,"m_FxEnabled":false},"in2DMode":false,"pivot":{"x":84.01715087890625,"y":45.02000045776367,"z":33.98142623901367},"rotation":{"x":-0.6026207208633423,"y":0.00047058003838174045,"z":-0.0003692450700327754,"w":-0.7979819178581238},"size":17.51505470275879,"orthographic":false}